<additional xmlns:xsi="http://www.w3.org/2001/XMLSchema-instance" xsi:noNamespaceSchemaLocation="http://sumo.sf.net/xsd/additional_file.xsd">
    <busStop id="G0N" lane="205233404#0_0" startPos="153" endPos="183" lines="G 409"/>
	<busStop id="G1N" lane="205233404#1_0" startPos="343" endPos="373" lines="G 409"/>
	<busStop id="A1N" lane="205233413#4_0" startPos="70" endPos="100" lines="SUBURBANOS"/>
	<busStop id="G2N" lane="205233404#2_0" startPos="253" endPos="285" lines="G"/> <!-- en esta dobla el 409 para a la vuelta-->
	<busStop id="409N" lane="-165264989#0_0" startPos="20" endPos="35" lines="409"/> <!-- en esta dobla el 409 para a la vuelta-->
	<busStop id="G3N" lane="205233404#3_0" startPos="470" endPos="500" lines="G"/>
	<busStop id="G4N" lane="205233404#4_0" startPos="376" endPos="406" lines="G"/>
	<busStop id="A2N" lane="205233413#9_0" startPos="350" endPos="370" lines="SUBURBANOS"/>
	<busStop id="G5N" lane="205233404#5_0" startPos="352" endPos="382" lines="G"/>
	<busStop id="A3N" lane="205233413#10_0" startPos="300" endPos="320" lines="SUBURBANOS"/>
	<busStop id="522D" lane="-78111878#3_0" startPos="98" endPos="128" lines="522"/>
	<busStop id="G6N" lane="205233404#6_0" startPos="352" endPos="382" lines="G"/>
	<busStop id="A4N" lane="205233413#11_0" startPos="280" endPos="300" lines="SUBURBANOS"/>
	<busStop id="G7N" lane="205233404#7_0" startPos="377" endPos="407" lines="G"/>
	<busStop id="G8N" lane="205233404#8_0" startPos="413" endPos="443" lines="G"/>
	<busStop id="A5N" lane="205233413#13_0" startPos="300" endPos="320" lines="SUBURBANOS"/>
	<busStop id="G9N" lane="205233404#9_0" startPos="435" endPos="465" lines="G"/>
	<busStop id="G10N" lane="205233404#10_0" startPos="300" endPos="330" lines="G"/>
	<busStop id="A6N" lane="205233413#15_0" startPos="160" endPos="180" lines="SUBURBANOS"/>
	<busStop id="G11N" lane="205233404#11_0" startPos="383" endPos="413" lines="G"/>
	<busStop id="A7N" lane="205233413#20_0" startPos="160" endPos="180" lines="SUBURBANOS"/>
	<busStop id="G12N" lane="205233404#12_0" startPos="172" endPos="202" lines="G"/>
	<busStop id="G13N" lane="205233404#13_0" startPos="354" endPos="384" lines="G"/>
	
	<busStop id="G0O" lane="-205233404#0_0" startPos="153" endPos="183" lines="G 409"/>
	<busStop id="G1O" lane="-205233404#1_0" startPos="343" endPos="373" lines="G 409"/>
	<busStop id="A1O"  lane="78104894#29_0" startPos="50" endPos="70" lines="SUBURBANOS"/>
	<busStop id="G2O" lane="-205233404#2_0" startPos="253" endPos="285" lines="G"/> <!-- en esta dobla el 409 para a la vuelta-->
	<busStop id="G3O" lane="-205233404#3_0" startPos="470" endPos="500" lines="G"/>
	<busStop id="A2O"  lane="78104894#25_0" startPos="180" endPos="200" lines="SUBURBANOS"/>
	<busStop id="A3O"  lane="78104894#23_0" startPos="0" endPos="20" lines="SUBURBANOS"/>
	<busStop id="G4O" lane="-205233404#4_0" startPos="376" endPos="406" lines="G"/>
	<busStop id="A4O"  lane="78104894#21_0" startPos="225" endPos="245" lines="SUBURBANOS"/>
	<busStop id="G5O" lane="-205233404#5_0" startPos="352" endPos="382" lines="G"/>
	<busStop id="A5O"  lane="78104894#20_0" startPos="140" endPos="160" lines="SUBURBANOS"/>
	<busStop id="G6O" lane="-205233404#6_0" startPos="352" endPos="382" lines="G"/>
	<busStop id="G7O" lane="-205233404#7_0" startPos="375" endPos="405" lines="G"/>
	<busStop id="A6O"  lane="78104894#15_0" startPos="0" endPos="20" lines="SUBURBANOS"/>
	<busStop id="G8O" lane="-205233404#8_0" startPos="413" endPos="443" lines="G"/>
	<busStop id="A7O"  lane="78104894#10_0" startPos="0" endPos="20" lines="SUBURBANOS"/>
	<busStop id="G9O" lane="-205233404#9_0" startPos="435" endPos="465" lines="G"/>
	<busStop id="G10O" lane="-205233404#10_0" startPos="300" endPos="330" lines="G"/>
	<busStop id="G11O" lane="-205233404#11_0" startPos="383" endPos="413" lines="G"/>
	<busStop id="G12O" lane="-205233404#12_0" startPos="172" endPos="202" lines="G"/>
	<busStop id="G13O" lane="-205233404#13_0" startPos="354" endPos="384" lines="G"/>
    <vType id="BUS" accel="2.6" decel="4.5" sigma="0.5" length="12" minGap="3" maxSpeed="70" guiShape="bus/city"/>

        <route id= "OG" edges="-205233404#14 -205233404#13 -205233404#12 -205233404#11 -205233404#10 -205233404#9 -205233404#8 -205233404#7 -205233404#6 -205233404#5 -205233404#4 
		-205233404#3 -205233404#2 -205233404#1"/>
        <route id= "NG" edges="205233404#0 205233404#1 205233404#2 205233404#3 205233404#4 205233404#5 205233404#6 205233404#7 205233404#8 205233404#9 205233404#10 205233404#11
		205233404#12 205233404#13 205233404#14"/>
		<route id= "O" edges="78104894#0 78104894#1 78104894#2 78104894#3 78104894#4 78104894#5 78104894#6 78104894#7 78104894#8 78104894#9 78104894#10 78104894#11
		78104894#12 78104894#13 78104894#14 78104894#15 78104894#16 78104894#17 78104894#18 78104894#19 78104894#20 78104894#21 78104894#22 78104894#23 78104894#24
		78104894#25"/>
		<route id= "N" edges="205233413#0 205233413#1 205233413#2 205233413#3 205233413#4 205233413#5 205233413#6 205233413#7 205233413#8 205233413#9 205233413#10 205233413#11
		205233413#12 205233413#13 205233413#14 205233413#15 205233413#16 205233413#17 205233413#18 205233413#19 205233413#20 205233413#21 "/>
        <route id= "409" edges="205233404#0 205233404#1 205233404#2 -165264989#0 165264989#0 -205233404#2 -205233404#1 -205233404#0"/>
		<route id= "522" edges="-78111878#3 -78111878#0 78111878#0 78111878#3 -78111878#3 205233404#6 205233404#7 205233404#8 205233404#9 205233404#10 205233404#11
		205233404#12 205233404#13 205233404#14"/>
		<route id= "522O" edges="-205233404#14 -205233404#13 -205233404#12 -205233404#11 -205233404#10 -205233404#9 -205233404#8 -205233404#7 -205233404#6
		78111878#3 -78111878#3 -78111878#0"/>
				
		<flow id="A1EN1O" color="2,3,0" type="BUS" vehsPerHour="5" route="O"  number="1">
				<stop busStop="A7O" duration="5"/> <stop busStop="A5O" duration="5"/> <stop busStop="A3O" duration="5"/> <stop busStop="A2O" duration="5"/>
		</flow>	
		<flow id="522D" color="0,1,1" type="BUS" vehsPerHour="7" route="522"  number="1">
				<stop busStop="522D" duration="5"/>	
		</flow>	
		<flow id="522I" color="2,1,1" type="BUS" vehsPerHour="7" route="522O"  number="1">
				<stop busStop="522D" duration="5"/>	
		</flow>	
		<flow id="409" color="2,1,1" type="BUS" vehsPerHour="4" route="409"  number="1">
			<stop busStop="G0N" duration="5"/>	<stop busStop="G1N" duration="5"/>	<stop busStop="409N" duration="8"/> 
		</flow>




</additional>