<?xml version="1.0" encoding="UTF-8"?>

<!-- generated on Thu Nov 20 22:05:18 2014 by SUMO sumo Version 0.17.1
<?xml version="1.0" encoding="UTF-8"?>

<configuration xmlns:xsi="http://www.w3.org/2001/XMLSchema-instance" xsi:noNamespaceSchemaLocation="http://sumo.sf.net/xsd/sumoConfiguration.xsd">

    <input>
        <net-file value="/home/efrados/Escritorio/SemaforosMalva/rep/GA_GARZON_THREADS/sumo/mapaNET.net.xml"/>
        <route-files value="/home/efrados/Escritorio/SemaforosMalva/rep/GA_GARZON_THREADS/sumo/trips.trips.xml"/>
        <additional-files value="/home/efrados/Escritorio/SemaforosMalva/rep/GA_GARZON_THREADS/sumo/semaforos-0.xml,/home/efrados/Escritorio/SemaforosMalva/rep/GA_GARZON_THREADS/sumo/Busses.add.xml"/>
    </input>

    <output>
        <tripinfo-output value="/home/efrados/Escritorio/SemaforosMalva/rep/GA_GARZON_THREADS/sumo/output_tripinfo-0.xml"/>
    </output>

    <time>
        <end value="600"/>
    </time>

    <processing>
        <time-to-teleport value="-1"/>
    </processing>

    <report>
        <no-warnings value="true"/>
        <log value="/home/efrados/Escritorio/SemaforosMalva/rep/GA_GARZON_THREADS/sumo/out-0.txt"/>
        <no-step-log value="true"/>
    </report>

</configuration>
-->

<tripinfos>
    <tripinfo id="440" depart="0.00" departLane="205233413#3_0" departPos="5.10" departSpeed="0.00" departDelay="0.00" arrival="11.00" arrivalLane="205233413#3_0" arrivalPos="126.15" arrivalSpeed="23.34" duration="11.00" routeLength="121.05" waitSteps="0" rerouteNo="1" devices="tripinfo_440 routing_440" vType="DEFAULT_VEHTYPE" vaporized=""/>
    <tripinfo id="524" depart="0.00" departLane="-205233480_0" departPos="5.10" departSpeed="0.00" departDelay="0.00" arrival="11.00" arrivalLane="-205233480_0" arrivalPos="117.01" arrivalSpeed="21.61" duration="11.00" routeLength="111.91" waitSteps="0" rerouteNo="1" devices="tripinfo_524 routing_524" vType="DEFAULT_VEHTYPE" vaporized=""/>
    <tripinfo id="661" depart="0.00" departLane="-199943837#0_0" departPos="5.10" departSpeed="0.00" departDelay="0.00" arrival="15.00" arrivalLane="199943837#0_0" arrivalPos="109.70" arrivalSpeed="26.75" duration="15.00" routeLength="214.30" waitSteps="0" rerouteNo="1" devices="tripinfo_661 routing_661" vType="DEFAULT_VEHTYPE" vaporized=""/>
    <tripinfo id="681" depart="6.00" departLane="205233413#16_0" departPos="5.10" departSpeed="0.00" departDelay="6.00" arrival="27.00" arrivalLane="205233413#16_0" arrivalPos="414.96" arrivalSpeed="36.34" duration="21.00" routeLength="409.86" waitSteps="0" rerouteNo="1" devices="tripinfo_681 routing_681" vType="DEFAULT_VEHTYPE" vaporized=""/>
    <tripinfo id="429" depart="0.00" departLane="-78108804#3_0" departPos="5.10" departSpeed="0.00" departDelay="0.00" arrival="42.00" arrivalLane="-78108804#0_0" arrivalPos="130.93" arrivalSpeed="24.92" duration="42.00" routeLength="342.31" waitSteps="8" rerouteNo="1" devices="tripinfo_429 routing_429" vType="DEFAULT_VEHTYPE" vaporized=""/>
    <tripinfo id="530" depart="6.00" departLane="205233413#9_0" departPos="5.10" departSpeed="0.00" departDelay="6.00" arrival="50.00" arrivalLane="205233413#10_0" arrivalPos="382.41" arrivalSpeed="9.85" duration="44.00" routeLength="784.40" waitSteps="0" rerouteNo="1" devices="tripinfo_530 routing_530" vType="DEFAULT_VEHTYPE" vaporized=""/>
    <tripinfo id="683" depart="9.00" departLane="205233413#16_0" departPos="5.10" departSpeed="0.00" departDelay="9.00" arrival="59.00" arrivalLane="78113035#0_0" arrivalPos="63.75" arrivalSpeed="10.67" duration="50.00" routeLength="537.36" waitSteps="14" rerouteNo="1" devices="tripinfo_683 routing_683" vType="DEFAULT_VEHTYPE" vaporized=""/>
    <tripinfo id="441" depart="3.00" departLane="-78108804#3_0" departPos="5.10" departSpeed="0.00" departDelay="3.00" arrival="59.00" arrivalLane="78111878#3_0" arrivalPos="162.61" arrivalSpeed="27.62" duration="56.00" routeLength="756.40" waitSteps="6" rerouteNo="1" devices="tripinfo_441 routing_441" vType="DEFAULT_VEHTYPE" vaporized=""/>
    <tripinfo id="688" depart="0.00" departLane="78104894#21_0" departPos="5.10" departSpeed="0.00" departDelay="0.00" arrival="60.00" arrivalLane="-78115499_0" arrivalPos="132.21" arrivalSpeed="26.95" duration="60.00" routeLength="765.26" waitSteps="12" rerouteNo="1" devices="tripinfo_688 routing_688" vType="DEFAULT_VEHTYPE" vaporized=""/>
    <tripinfo id="694" depart="0.00" departLane="205233413#20_0" departPos="5.10" departSpeed="0.00" departDelay="0.00" arrival="64.00" arrivalLane="-52991#3_0" arrivalPos="147.85" arrivalSpeed="26.94" duration="64.00" routeLength="711.22" waitSteps="17" rerouteNo="1" devices="tripinfo_694 routing_694" vType="DEFAULT_VEHTYPE" vaporized=""/>
    <tripinfo id="463" depart="3.00" departLane="78103976_0" departPos="5.10" departSpeed="0.00" departDelay="3.00" arrival="66.00" arrivalLane="78104894#12_0" arrivalPos="162.45" arrivalSpeed="11.24" duration="63.00" routeLength="249.55" waitSteps="24" rerouteNo="1" devices="tripinfo_463 routing_463" vType="DEFAULT_VEHTYPE" vaporized=""/>
    <tripinfo id="693" depart="3.00" departLane="--52991#3_0" departPos="5.10" departSpeed="0.00" departDelay="3.00" arrival="67.00" arrivalLane="175174064_0" arrivalPos="104.63" arrivalSpeed="26.60" duration="64.00" routeLength="369.62" waitSteps="31" rerouteNo="1" devices="tripinfo_693 routing_693" vType="DEFAULT_VEHTYPE" vaporized=""/>
    <tripinfo id="382" depart="0.00" departLane="205233413#0_0" departPos="5.10" departSpeed="0.00" departDelay="0.00" arrival="72.00" arrivalLane="-78120448_0" arrivalPos="130.99" arrivalSpeed="27.56" duration="72.00" routeLength="726.69" waitSteps="24" rerouteNo="1" devices="tripinfo_382 routing_382" vType="DEFAULT_VEHTYPE" vaporized=""/>
    <tripinfo id="670" depart="0.00" departLane="-205233652_0" departPos="5.10" departSpeed="0.00" departDelay="0.00" arrival="73.00" arrivalLane="-175170602#3_0" arrivalPos="117.14" arrivalSpeed="27.46" duration="73.00" routeLength="944.82" waitSteps="6" rerouteNo="1" devices="tripinfo_670 routing_670" vType="DEFAULT_VEHTYPE" vaporized=""/>
    <tripinfo id="375" depart="6.00" departLane="78110502_0" departPos="5.10" departSpeed="0.00" departDelay="6.00" arrival="78.00" arrivalLane="--52989#3_0" arrivalPos="171.55" arrivalSpeed="26.65" duration="72.00" routeLength="752.14" waitSteps="14" rerouteNo="1" devices="tripinfo_375 routing_375" vType="DEFAULT_VEHTYPE" vaporized=""/>
    <tripinfo id="426" depart="0.00" departLane="78115499_0" departPos="5.10" departSpeed="0.00" departDelay="0.00" arrival="79.00" arrivalLane="78108804#3_1" arrivalPos="216.48" arrivalSpeed="27.32" duration="79.00" routeLength="456.54" waitSteps="31" rerouteNo="1" devices="tripinfo_426 routing_426" vType="DEFAULT_VEHTYPE" vaporized=""/>
    <tripinfo id="521" depart="3.00" departLane="-205233886_0" departPos="5.10" departSpeed="0.00" departDelay="3.00" arrival="84.00" arrivalLane="-179502174_0" arrivalPos="134.94" arrivalSpeed="26.59" duration="81.00" routeLength="831.48" waitSteps="7" rerouteNo="1" devices="tripinfo_521 routing_521" vType="DEFAULT_VEHTYPE" vaporized=""/>
    <tripinfo id="351" depart="0.00" departLane="205233886_0" departPos="5.10" departSpeed="0.00" departDelay="0.00" arrival="86.00" arrivalLane="-179502174_0" arrivalPos="134.94" arrivalSpeed="26.80" duration="86.00" routeLength="947.36" waitSteps="6" rerouteNo="1" devices="tripinfo_351 routing_351" vType="DEFAULT_VEHTYPE" vaporized=""/>
    <tripinfo id="360" depart="0.00" departLane="78104894#8_0" departPos="5.10" departSpeed="0.00" departDelay="0.00" arrival="86.00" arrivalLane="-78113035#0_0" arrivalPos="63.75" arrivalSpeed="15.96" duration="86.00" routeLength="1252.28" waitSteps="9" rerouteNo="1" devices="tripinfo_360 routing_360" vType="DEFAULT_VEHTYPE" vaporized=""/>
    <tripinfo id="363" depart="3.00" departLane="78118724_0" departPos="5.10" departSpeed="0.00" departDelay="3.00" arrival="88.00" arrivalLane="175174064_0" arrivalPos="104.63" arrivalSpeed="26.61" duration="85.00" routeLength="1174.15" waitSteps="9" rerouteNo="1" devices="tripinfo_363 routing_363" vType="DEFAULT_VEHTYPE" vaporized=""/>
    <tripinfo id="415" depart="0.00" departLane="205233413#11_0" departPos="5.10" departSpeed="0.00" departDelay="0.00" arrival="94.00" arrivalLane="205233413#13_0" arrivalPos="444.45" arrivalSpeed="5.74" duration="94.00" routeLength="1234.79" waitSteps="21" rerouteNo="1" devices="tripinfo_415 routing_415" vType="DEFAULT_VEHTYPE" vaporized=""/>
    <tripinfo id="393" depart="9.00" departLane="78110502_0" departPos="5.10" departSpeed="0.00" departDelay="9.00" arrival="95.00" arrivalLane="175174064_0" arrivalPos="104.63" arrivalSpeed="26.96" duration="86.00" routeLength="1359.32" waitSteps="4" rerouteNo="1" devices="tripinfo_393 routing_393" vType="DEFAULT_VEHTYPE" vaporized=""/>
    <tripinfo id="367" depart="0.00" departLane="78104894#23_0" departPos="5.10" departSpeed="0.00" departDelay="0.00" arrival="97.00" arrivalLane="78108804#0_1" arrivalPos="130.93" arrivalSpeed="6.57" duration="97.00" routeLength="468.30" waitSteps="49" rerouteNo="1" devices="tripinfo_367 routing_367" vType="DEFAULT_VEHTYPE" vaporized=""/>
    <tripinfo id="430" depart="0.00" departLane="-52987#3_0" departPos="5.10" departSpeed="0.00" departDelay="0.00" arrival="98.00" arrivalLane="78104894#21_1" arrivalPos="383.55" arrivalSpeed="36.94" duration="98.00" routeLength="802.07" waitSteps="48" rerouteNo="1" devices="tripinfo_430 routing_430