<?xml version="1.0" encoding="UTF-8"?>

<!-- generated on Thu Nov 20 22:05:19 2014 by SUMO sumo Version 0.17.1
<?xml version="1.0" encoding="UTF-8"?>

<configuration xmlns:xsi="http://www.w3.org/2001/XMLSchema-instance" xsi:noNamespaceSchemaLocation="http://sumo.sf.net/xsd/sumoConfiguration.xsd">

    <input>
        <net-file value="/home/efrados/Escritorio/SemaforosMalva/rep/GA_GARZON_THREADS/sumo/mapaNET.net.xml"/>
        <route-files value="/home/efrados/Escritorio/SemaforosMalva/rep/GA_GARZON_THREADS/sumo/trips.trips.xml"/>
        <additional-files value="/home/efrados/Escritorio/SemaforosMalva/rep/GA_GARZON_THREADS/sumo/semaforos-2.xml,/home/efrados/Escritorio/SemaforosMalva/rep/GA_GARZON_THREADS/sumo/Busses.add.xml"/>
    </input>

    <output>
        <tripinfo-output value="/home/efrados/Escritorio/SemaforosMalva/rep/GA_GARZON_THREADS/sumo/output_tripinfo-2.xml"/>
    </output>

    <time>
        <end value="600"/>
    </time>

    <processing>
        <time-to-teleport value="-1"/>
    </processing>

    <report>
        <no-warnings value="true"/>
        <log value="/home/efrados/Escritorio/SemaforosMalva/rep/GA_GARZON_THREADS/sumo/out-2.txt"/>
        <no-step-log value="true"/>
    </report>

</configuration>
-->

<tripinfos>
    <tripinfo id="440" depart="0.00" departLane="205233413#3_0" departPos="5.10" departSpeed="0.00" departDelay="0.00" arrival="11.00" arrivalLane="205233413#3_0" arrivalPos="126.15" arrivalSpeed="23.34" duration="11.00" routeLength="121.05" waitSteps="0" rerouteNo="1" devices="tripinfo_440 routing_440" vType="DEFAULT_VEHTYPE" vaporized=""/>
    <tripinfo id="524" depart="0.00" departLane="-205233480_0" departPos="5.10" departSpeed="0.00" departDelay="0.00" arrival="11.00" arrivalLane="-205233480_0" arrivalPos="117.01" arrivalSpeed="21.61" duration="11.00" routeLength="111.91" waitSteps="0" rerouteNo="1" devices="tripinfo_524 routing_524" vType="DEFAULT_VEHTYPE" vaporized=""/>
    <tripinfo id="661" depart="0.00" departLane="-199943837#0_0" departPos="5.10" departSpeed="0.00" departDelay="0.00" arrival="15.00" arrivalLane="199943837#0_0" arrivalPos="109.70" arrivalSpeed="26.75" duration="15.00" routeLength="214.30" waitSteps="0" rerouteNo="1" devices="tripinfo_661 routing_661" vType="DEFAULT_VEHTYPE" vaporized=""/>
    <tripinfo id="681" depart="6.00" departLane="205233413#16_0" departPos="5.10" departSpeed="0.00" departDelay="6.00" arrival="27.00" arrivalLane="205233413#16_0" arrivalPos="414.96" arrivalSpeed="36.34" duration="21.00" routeLength="409.86" waitSteps="0" rerouteNo="1" devices="tripinfo_681 routing_681" vType="DEFAULT_VEHTYPE" vaporized=""/>
    <tripinfo id="429" depart="0.00" departLane="-78108804#3_0" departPos="5.10" departSpeed="0.00" departDelay="0.00" arrival="42.00" arrivalLane="-78108804#0_0" arrivalPos="130.93" arrivalSpeed="25.05" duration="42.00" routeLength="342.31" waitSteps="8" rerouteNo="1" devices="tripinfo_429 routing_429" vType="DEFAULT_VEHTYPE" vaporized=""/>
    <tripinfo id="530" depart="6.00" departLane="205233413#9_0" departPos="5.10" departSpeed="0.00" departDelay="6.00" arrival="50.00" arrivalLane="205233413#10_0" arrivalPos="382.41" arrivalSpeed="11.63" duration="44.00" routeLength="784.40" waitSteps="0" rerouteNo="1" devices="tripinfo_530 routing_530" vType="DEFAULT_VEHTYPE" vaporized=""/>
    <tripinfo id="441" depart="3.00" departLane="-78108804#3_0" departPos="5.10" departSpeed="0.00" departDelay="3.00" arrival="59.00" arrivalLane="78111878#3_0" arrivalPos="162.61" arrivalSpeed="26.60" duration="56.00" routeLength="756.40" waitSteps="6" rerouteNo="1" devices="tripinfo_441 routing_441" vType="DEFAULT_VEHTYPE" vaporized=""/>
    <tripinfo id="683" depart="9.00" departLane="205233413#16_0" departPos="5.10" departSpeed="0.00" departDelay="9.00" arrival="60.00" arrivalLane="78113035#0_0" arrivalPos="63.75" arrivalSpeed="9.12" duration="51.00" routeLength="537.36" waitSteps="15" rerouteNo="1" devices="tripinfo_683 routing_683" vType="DEFAULT_VEHTYPE" vaporized=""/>
    <tripinfo id="688" depart="0.00" departLane="78104894#21_0" departPos="5.10" departSpeed="0.00" departDelay="0.00" arrival="60.00" arrivalLane="-78115499_0" arrivalPos="132.21" arrivalSpeed="27.29" duration="60.00" routeLength="765.26" waitSteps="12" rerouteNo="1" devices="tripinfo_688 routing_688" vType="DEFAULT_VEHTYPE" vaporized=""/>
    <tripinfo id="694" depart="0.00" departLane="205233413#20_0" departPos="5.10" departSpeed="0.00" departDelay="0.00" arrival="65.00" arrivalLane="-52991#3_0" arrivalPos="147.85" arrivalSpeed="26.90" duration="65.00" routeLength="711.22" waitSteps="17" rerouteNo="1" devices="tripinfo_694 routing_694" vType="DEFAULT_VEHTYPE" vaporized=""/>
    <tripinfo id="463" depart="3.00" departLane="78103976_0" departPos="5.10" departSpeed="0.00" departDelay="3.00" arrival="66.00" arrivalLane="78104894#12_0" arrivalPos="162.45" arrivalSpeed="10.75" duration="63.00" routeLength="249.55" waitSteps="24" rerouteNo="1" devices="tripinfo_463 routing_463" vType="DEFAULT_VEHTYPE" vaporized=""/>
    <tripinfo id="693" depart="3.00" departLane="--52991#3_0" departPos="5.10" departSpeed="0.00" departDelay="3.00" arrival="67.00" arrivalLane="175174064_0" arrivalPos="104.63" arrivalSpeed="26.67" duration="64.00" routeLength="369.62" waitSteps="31" rerouteNo="1" devices="tripinfo_693 routing_693" vType="DEFAULT_VEHTYPE" vaporized=""/>
    <tripinfo id="382" depart="0.00" departLane="205233413#0_0" departPos="5.10" departSpeed="0.00" departDelay="0.00" arrival="71.00" arrivalLane="-78120448_0" arrivalPos="130.99" arrivalSpeed="26.50" duration="71.00" routeLength="726.69" waitSteps="24" rerouteNo="1" devices="tripinfo_382 routing_382" vType="DEFAULT_VEHTYPE" vaporized=""/>
    <tripinfo id="670" depart="0.00" departLane="-205233652_0" departPos="5.10" departSpeed="0.00" departDelay="0.00" arrival="72.00" arrivalLane="-175170602#3_0" arrivalPos="117.14" arrivalSpeed="27.00" duration="72.00" routeLength="944.82" waitSteps="6" rerouteNo="1" devices="tripinfo_670 routing_670" vType="DEFAULT_VEHTYPE" vaporized=""/>
    <tripinfo id="375" depart="6.00" departLane="78110502_0" departPos="5.10" departSpeed="0.00" departDelay="6.00" arrival="78.00" arrivalLane="--52989#3_0" arrivalPos="171.55" arrivalSpeed="27.62" duration="72.00" routeLength="752.14" waitSteps="14" rerouteNo="1" devices="tripinfo_375 routing_375" vType="DEFAULT_VEHTYPE" vaporized=""/>
    <tripinfo id="426" depart="0.00" departLane="78115499_0" departPos="5.10" departSpeed="0.00" departDelay="0.00" arrival="80.00" arrivalLane="78108804#3_1" arrivalPos="216.48" arrivalSpeed="27.66" duration="80.00" routeLength="456.54" waitSteps="31" rerouteNo="1" devices="tripinfo_426 routing_426" vType="DEFAULT_VEHTYPE" vaporized=""/>
    <tripinfo id="521" depart="3.00" departLane="-205233886_0" departPos="5.10" departSpeed="0.00" departDelay="3.00" arrival="83.00" arrivalLane="-179502174_0" arrivalPos="134.94" arrivalSpeed="26.68" duration="80.00" routeLength="831.48" waitSteps="6" rerouteNo="1" devices="tripinfo_521 routing_521" vType="DEFAULT_VEHTYPE" vaporized=""/>
    <tripinfo id="351" depart="0.00" departLane="205233886_0" departPos="5.10" departSpeed="0.00" departDelay="0.00" arrival="85.00" arrivalLane="-179502174_0" arrivalPos="134.94" arrivalSpeed="27.69" duration="85.00" routeLength="947.36" waitSteps="5" rerouteNo="1" devices="tripinfo_351 routing_351" vType="DEFAULT_VEHTYPE" vaporized=""/>
    <tripinfo id="360" depart="0.00" departLane="78104894#8_0" departPos="5.10" departSpeed="0.00" departDelay="0.00" arrival="87.00" arrivalLane="-78113035#0_0" arrivalPos="63.75" arrivalSpeed="15.54" duration="87.00" routeLength="1252.28" waitSteps="9" rerouteNo="1" devices="tripinfo_360 routing_360" vType="DEFAULT_VEHTYPE" vaporized=""/>
    <tripinfo id="363" depart="3.00" departLane="78118724_0" departPos="5.10" departSpeed="0.00" departDelay="3.00" arrival="88.00" arrivalLane="175174064_0" arrivalPos="104.63" arrivalSpeed="27.07" duration="85.00" routeLength="1174.15" waitSteps="10" rerouteNo="1" devices="tripinfo_363 routing_363" vType="DEFAULT_VEHTYPE" vaporized=""/>
    <tripinfo id="415" depart="0.00" departLane="205233413#11_0" departPos="5.10" departSpeed="0.00" departDelay="0.00" arrival="94.00" arrivalLane="205233413#13_0" arrivalPos="444.45" arrivalSpeed="5.72" duration="94.00" routeLength="1234.79" waitSteps="21" rerouteNo="1" devices="tripinfo_415 routing_415" vType="DEFAULT_VEHTYPE" vaporized=""/>
    <tripinfo id="393" depart="9.00" departLane="78110502_0" departPos="5.10" departSpeed="0.00" departDelay="9.00" arrival="95.00" arrivalLane="175174064_0" arrivalPos="104.63" arrivalSpeed="27.18" duration="86.00" routeLength="1359.32" waitSteps="3" rerouteNo="1" devices="tripinfo_393 routing_393" vType="DEFAULT_VEHTYPE" vaporized=""/>
    <tripinfo id="367" depart="0.00" departLane="78104894#23_0" departPos="5.10" departSpeed="0.00" departDelay="0.00" arrival="96.00" arrivalLane="78108804#0_1" arrivalPos="130.93" arrivalSpeed="5.63" duration="96.00" routeLength="468.30" waitSteps="50" rerouteNo="1" devices="tripinfo_367 routing_367" vType="DEFAULT_VEHTYPE" vaporized=""/>
    <tripinfo id="430" depart="0.00" departLane="-52987#3_0" departPos="5.10" departSpeed="0.00" departDelay="0.00" arrival="99.00" arrivalLane="78104894#21_1" arrivalPos="383.55" arrivalSpeed="36.25" duration="99.00" routeLength="802.07" waitSteps="49" rerouteNo="1" devices="tripinfo_430 routing_430" vType="DEFAULT_VEHTYPE" vaporized=""/>
    <tripinfo id="677" depart="9.00" departLane="78118724_0" departPos="5.10" departSpeed="0.00" departDelay="9.00" arrival="99.00" arrivalLane="78104894#5_0" arrivalPos="200.67" arrivalSpeed="18.77" duration="90.00" routeLength="1320.00" waitSteps="6" rerouteNo="1" devices="tripinfo_677 routing_677" vType="DEFAULT_VEHTYPE" vaporized=""/>
    <tripinfo id="450" depart="3.00" departLane="175170602#3_0" departPos="5.10" departSpeed="0.00" departDelay="3.00" arrival="107.00" arrivalLane="78104894#16_0" arrivalPos="99.63" arrivalSpeed="24.60" duration="104.00" routeLength="1809.49" waitSteps="0" rerouteNo="1" devices="tripinfo_450 routing_450" vType="DEFAULT_VEHTYPE" vaporized=""/>
    <tripinfo id="664" depart="3.00" departLane="78110502_0" departPos="5.10" departSpeed="0.00" departDelay="3.00" arrival="107.00" arrivalLane="-78116080_0" arrivalPos="73.59" arrivalSpeed="26.77" duration="104.00" routeLength="1655.34" waitSteps="5" rerouteNo="1" devices="tripinfo_664 routing_664" vType="DEFAULT_VEHTYPE" vaporized=""/>
    <tripinfo id="668" depart="0.00" departLane="175170602#3_0" departPos="5.10" departSpeed="0.00" departDelay="0.00" arrival="108.00" arrivalLane="205233413#20_0" arrivalPos="298.55" arrivalSpeed="37.09" duration="108.00" routeLength="1554.29" waitSteps="26" rerouteNo="1" devices="tripinfo_668 routing_668" vType="DEFAULT_VEHTYPE" vaporized=""/>
    <tripinfo id="433" depart="3.00" departLane="205233413#20_0" departPos="5.10" departSpeed="0.00" departDelay="3.00" arrival="108.00" arrivalLane="--52989#3_0" arrivalPos="171.55" arrivalSpeed="27.06" duration="105.00" routeLength="1574.89" waitSteps="15" rerouteNo="1" devices="tripinfo_433 routing_433" vType="DEFAULT_VEHTYPE" vaporized=""/>
    <tripinfo id="471" depart="0.00" departLane="-78113035#0_0" departPos="5.10" departSpeed="0.00" departDelay="0.00" arrival="111.00" arrivalLane="205233413#21_1" arrivalPos="90.91" arrivalSpeed="33.29" duration="111.00" routeLength="792.07" waitSteps="49" rerouteNo="1" devices="tripinfo_471 routing_471" vType="DEFAULT_VEHTYPE" vaporized=""/>
    <tripinfo id="519" depart="0.00" departLane="--52991#3_0" departPos="5.10" departSpeed="0.00" departDelay="0.00" arrival="111.00" arrivalLane="78104894#9_0" arrivalPos="98.03" arrivalSpeed="33.31" duration="111.00" routeLength="953.44" waitSteps="43" rerouteNo="1" devices="tripinfo_519 routing_519" vType="DEFAULT_VEHTYPE" vaporized=""/>
    <tripinfo id="488" depart="0.00" departLane="78104894#7_0" departPos="5.10" departSpeed="0.00" departDelay="0.00" arrival="113.00" arrivalLane="205233413#21_0" arrivalPos="90.91" arrivalSpeed="32.15" duration="113.00" routeLength="1061.02" waitSteps="36" rerouteNo="1" devices="tripinfo_488 routing_488" vType="DEFAULT_VEHTYPE" vaporized=""/>
    <tripinfo id="468" depart="3.00" departLane="205233413#14_0" departPos="5.10" departSpeed="0.00" departDelay="3.00" arrival="115.00" arrivalLane="205233413#16_0" arrivalPos="414.96" arrivalSpeed="36.90" duration="112.00" routeLength="1207.92" waitSteps="51" rerouteNo="1" devices="tripinfo_468 routing_468" vType="DEFAULT_VEHTYPE" vaporized=""/>
    <tripinfo id="409" depart="0.00" departLane="-78111878#0_0" departPos="5.10" departSpeed="0.00" departDelay="0.00" arrival="118.00" arrivalLane="199943837#3_0" arrivalPos="95.07" arrivalSpeed="23.63" duration="118.00" routeLength="1080.35" waitSteps="40" rerouteNo="1" devices="tripinfo_409 routing_409" vType="DEFAULT_VEHTYPE" vaporized=""/>
    <tripinfo id="684" depart="0.00" departLane="205233413#14_0" departPos="5.10" departSpeed="0.00" departDelay="0.00" arrival="121.00" arrivalLane="205233413#17_1" arrivalPos="143.66" arrivalSpeed="33.32" duration="121.00" routeLength="1351.58" waitSteps="54" rerouteNo="1" devices="tripinfo_684 routing_684" vType="DEFAULT_VEHTYPE" vaporized=""/>
    <tripinfo id="416" depart="6.00" departLane="78118724_0" departPos="5.10" departSpeed="0.00" departDelay="6.00" arrival="123.00" arrivalLane="-205233652_0" arrivalPos="143.25" arrivalSpeed="26.99" duration="117.00" routeLength="1946.44" waitSteps="8" rerouteNo="1" devices="tripinfo_416 routing_416" vType="DEFAULT_VEHTYPE" vaporized=""/>
    <tripinfo id="663" depart="0.00" departLane="175174062_0" departPos="5.10" departSpeed="0.00" departDelay="0.00" arrival="135.00" arrivalLane="205233413#16_0" arrivalPos="414.96" arrivalSpeed="37.21" duration="135.00" routeLength="1680.10" waitSteps="28" rerouteNo="1" devices="tripinfo_663 routing_663" vType="DEFAULT_VEHTYPE" vaporized=""/>
    <tripinfo id="465" depart="0.00" departLane="78104894#13_0" departPos="5.10" departSpeed="0.00" departDelay="0.00" arrival="142.00" arrivalLane="78104894#8_0" arrivalPos="144.07" arrivalSpeed="36.00" duration="142.00" routeLength="2483.53" waitSteps="30" rerouteNo="1" devices="tripinfo_465 routing_465" vType="DEFAULT_VEHTYPE" vaporized=""/>
    <tripinfo id="397" depart="0.00" departLane="-78115499_0" departPos="5.10" departSpeed="0.00" departDelay="0.00" arrival="143.00" arrivalLane="205233413#10_1" arrivalPos="382.41" arrivalSpeed="9.36" duration="143.00" routeLength="1016.54" waitSteps="32" rerouteNo="1" devices="tripinfo_397 routing_397" vType="DEFAULT_VEHTYPE" vaporized=""/>
    <tripinfo id="538" depart="11.00" departLane="205233413#8_0" departPos="5.10" departSpeed="0.00" departDelay="11.00" arrival="148.00" arrivalLane="78108804#0_1" arrivalPos="130.93" arrivalSpeed="27.26" duration="137.00" routeLength="940.22" waitSteps="84" rerouteNo="1" devices="tripinfo_538 routing_538" vType="DEFAULT_VEHTYPE" vaporized=""/>
    <tripinfo id="446" depart="3.00" departLane="78104894#21_0" departPos="5.10" departSpeed="0.00" departDelay="3.00" arrival="150.00" arrivalLane="78106864_0" arrivalPos="148.92" arrivalSpeed="27.61" duration="147.00" routeLength="2083.61" waitSteps="21" rerouteNo="1" devices="tripinfo_446 routing_446" vType="DEFAULT_VEHTYPE" vaporized=""/>
    <tripinfo id="497" depart="3.00" departLane="205233413#0_0" departPos="5.10" departSpeed="0.00" departDelay="3.00" arrival="157.00" arrivalLane="205233413#10_1" arrivalPos="382.41" arrivalSpeed="36.41" duration="154.00" routeLength="2084.63" waitSteps="55" rerouteNo="1" devices="tripinfo_497 routing_497" vType="DEFAULT_VEHTYPE" vaporized=""/>
    <tripinfo id="409.0" depart="0.00" departLane="205233404#0_0" departPos="12.10" departSpeed="0.00" departDelay="0.00" arrival="157.00" arrivalLane="-205233404#0_0" arrivalPos="184.39" arrivalSpeed="21.71" duration="157.00" routeLength="1984.79" waitSteps="21" rerouteNo="0" devices="tripinfo_409.0" vType="BUS" vaporized=""/>
    <tripinfo id="489" depart="12.00" departLane="78118724_0" departPos="5.10" departSpeed="0.00" departDelay="12.00" arrival="168.00" arrivalLane="175174064_0" arrivalPos="104.63" arrivalSpeed="27.68" duration="156.00" routeLength="1174.15" waitSteps="67" rerouteNo="1" devices="tripinfo_489 routing_489" vType="DEFAULT_VEHTYPE" vaporized=""/>
    <tripinfo id="653" depart="0.00" departLane="-52989#0_0" departPos="5.10" departSpeed="0.00" departDelay="0.00" arrival="169.00" arrivalLane="78104894#12_0" arrivalPos="162.45" arrivalSpeed="10.19" duration="169.00" routeLength="1361.71" waitSteps="87" rerouteNo="1" devices="tripinfo_653 routing_653" vType="DEFAULT_VEHTYPE" vaporized=""/>
    <tripinfo id="491" depart="0.00" departLane="--52989#3_0" departPos="5.10" departSpeed="0.00" departDelay="0.00" arrival="170.00" arrivalLane="175174064_0" arrivalPos="104.63" arrivalSpeed="26.89" duration="170.00" routeLength="1562.25" waitSteps="61" rerouteNo="1" devices="tripinfo_491 routing_491" vType="DEFAULT_VEHTYPE" vaporized=""/>
    <tripinfo id="477" depart="3.00" departLane="78115032#3_0" departPos="5.10" departSpeed="0.00" departDelay="3.00" arrival="172.00" arrivalLane="175174064_0" arrivalPos="104.63" arrivalSpeed="27.57" duration="169.00" routeLength="2829.25" waitSteps="40" rerouteNo="1" devices="tripinfo_477 routing_477" vType="DEFAULT_VEHTYPE" vaporized=""/>
    <tripinfo id="507" depart="0.00" departLane="-52991#0_0" departPos="5.10" departSpeed="0.00" departDelay="0.00" arrival="179.00" arrivalLane="175170602#3_0" arrivalPos="117.14" arrivalSpeed="26.78" duration="179.00" routeLength="1827.75" waitSteps="53" rerouteNo="1" devices="tripinfo_507 routing_507" vType="DEFAULT_VEHTYPE" vaporized=""/>
    <tripinfo id="357" depart="0.00" departLane="78100805_0" departPos="5.10" departSpeed="0.00" departDelay="0.00" arrival="180.00" arrivalLane="205233413#8_0" arrivalPos="276.37" arrivalSpeed="37.27" duration="180.00" routeLength="1827.11" waitSteps="68" rerouteNo="1" devices="tripinfo_357 routing_357" vType="DEFAULT_VEHTYPE" vaporized=""/>
    <tripinfo id="398" depart="0.00" departLane="-78113035#3_0" departPos="5.10" departSpeed="0.00" departDelay="0.00" arrival="189.00" arrivalLane="-78115032#0_0" arrivalPos="80.20" arrivalSpeed="27.62" duration="189.00" routeLength="1310.29" waitSteps="96" rerouteNo="1" devices="tripinfo_398 routing_398" vType="DEFAULT_VEHTYPE" vaporized=""/>
    <tripinfo id="402" depart="0.00" departLane="205233413#19_0" departPos="5.10" departSpeed="0.00" departDelay="0.00" arrival="193.00" arrivalLane="78104894#15_1" arrivalPos="169.93" arrivalSpeed="36.37" duration="193.00" routeLength="2670.02" waitSteps="30" rerouteNo="1" devices="tripinfo_402 routing_402" vType="DEFAULT_VEHTYPE" vaporized=""/>
    <tripinfo id="401" depart="0.00" departLane="78111878#3_0" departPos="5.10" departSpeed="0.00" departDelay="0.00" arrival="193.00" arrivalLane="205233413#14_0" arrivalPos="466.67" arrivalSpeed="6.34" duration="193.00" routeLength="2026.68" waitSteps="78" rerouteNo="1" devices="tripinfo_401 routing_401" vType="DEFAULT_VEHTYPE" vaporized=""/>
    <tripinfo id="461" depart="12.00" departLane="78110502_0" departPos="5.10" departSpeed="0.00" departDelay="12.00" arrival="193.00" arrivalLane="78114032_0" arrivalPos="119.29" arrivalSpeed="27.58" duration="181.00" routeLength="2177.02" waitSteps="55" rerouteNo="1" devices="tripinfo_461 routing_461" vType="DEFAULT_VEHTYPE" vaporized=""/>
    <tripinfo id="356" depart="0.00" departLane="205233413#16_0" departPos="5.10" departSpeed="0.00" departDelay="0.00" arrival="195.00" arrivalLane="-78115546_0" arrivalPos="108.57" arrivalSpeed="27.25" duration="195.00" routeLength="2055.58" waitSteps="76" rerouteNo="1" devices="tripinfo_356 routing_356" vType="DEFAULT_VEHTYPE" vaporized=""/>
    <tripinfo id="529" depart="15.00" departLane="78110502_0" departPos="5.10" departSpeed="0.00" departDelay="15.00" arrival="203.00" arrivalLane="-205233652_0" arrivalPos="143.25" arrivalSpeed="27.04" duration="188.00" routeLength="2131.61" waitSteps="59" rerouteNo="1" devices="tripinfo_529 routing_529" vType="DEFAULT_VEHTYPE" vaporized=""/>
    <tripinfo id="418" depart="3.00" departLane="205233413#16_0" departPos="5.10" departSpeed="0.00" departDelay="3.00" arrival="206.00" arrivalLane="-205233660_0" arrivalPos="132.82" arrivalSpeed="27.41" duration="203.00" routeLength="2314.73" waitSteps="74" rerouteNo="1" devices="tripinfo_418 routing_418" vType="DEFAULT_VEHTYPE" vaporized=""/>
    <tripinfo id="380" depart="3.00" departLane="78108804#0_0" departPos="5.10" departSpeed="0.00" departDelay="3.00" arrival="224.00" arrivalLane="78105546#3_0" arrivalPos="136.52" arrivalSpeed="25.55" duration="221.00" routeLength="1428.30" waitSteps="131" rerouteNo="1" devices="tripinfo_380 routing_380" vType="DEFAULT_VEHTYPE" vaporized=""/>
    <tripinfo id="443" depart="0.00" departLane="165264989#3_0" departPos="5.10" departSpeed="0.00" departDelay="0.00" arrival="226.00" arrivalLane="78104894#24_0" arrivalPos="112.95" arrivalSpeed="35.50" duration="226.00" routeLength="2596.07" waitSteps="94" rerouteNo="1" devices="tripinfo_443 routing_443" vType="DEFAULT_VEHTYPE" vaporized=""/>
    <tripinfo id="438" depart="6.00" departLane="78108804#0_0" departPos="5.10" departSpeed="0.00" departDelay="6.00" arrival="226.00" arrivalLane="78105546#3_0" arrivalPos="136.52" arrivalSpeed="27.04" duration="220.00" routeLength="1428.30" waitSteps="128" rerouteNo="1" devices="tripinfo_438 routing_438" vType="DEFAULT_VEHTYPE" vaporized=""/>
    <tripinfo id="464" depart="9.00" departLane="78104894#18_0" departPos="5.10" departSpeed="0.00" departDelay="9.00" arrival="230.00" arrivalLane="--52987#3_1" arrivalPos="211.81" arrivalSpeed="25.18" duration="221.00" routeLength="1035.23" waitSteps="160" rerouteNo="1" devices="tripinfo_464 routing_464" vType="DEFAULT_VEHTYPE" vaporized=""/>
    <tripinfo id="537" depart="3.00" departLane="205233413#12_0" departPos="5.10" departSpeed="0.00" departDelay="3.00" arrival="231.00" arrivalLane="205233413#16_1" arrivalPos="414.96" arrivalSpeed="36.97" duration="228.00" routeLength="2063.37" waitSteps="97" rerouteNo="1" devices="tripinfo_537 routing_537" vType="DEFAULT_VEHTYPE" vaporized=""/>
    <tripinfo id="411" depart="0.00" departLane="78118724_0" departPos="5.10" departSpeed="0.00" departDelay="0.00" arrival="232.00" arrivalLane="78104488#3_0" arrivalPos="58.28" arrivalSpeed="22.68" duration="232.00" routeLength="3160.25" waitSteps="29" rerouteNo="1" devices="tripinfo_411 routing_411" vType="DEFAULT_VEHTYPE" vaporized=""/>
    <tripinfo id="358" depart="0.00" departLane="78104894#11_0" departPos="5.10" departSpeed="0.00" departDelay="0.00" arrival="235.00" arrivalLane="78104894#20_0" arrivalPos="209.06" arrivalSpeed="29.75" duration="235.00" routeLength="1580.14" waitSteps="116" rerouteNo="1" devices="tripinfo_358 routing_358" vType="DEFAULT_VEHTYPE" vaporized=""/>
    <tripinfo id="467" depart="6.00" departLane="205233413#20_0" departPos="5.10" departSpeed="0.00" departDelay="6.00" arrival="238.00" arrivalLane="78104894#19_0" arrivalPos="184.95" arrivalSpeed="29.67" duration="232.00" routeLength="3198.71" waitSteps="35" rerouteNo="1" devices="tripinfo_467 routing_467" vType="DEFAULT_VEHTYPE" vaporized=""/>
    <tripinfo id="369" depart="3.00" departLane="78104488#0_0" departPos="5.10" departSpeed="0.00" departDelay="3.00" arrival="240.00" arrivalLane="78104894#21_1" arrivalPos="383.55" arrivalSpeed="11.34" duration="237.00" routeLength="884.49" waitSteps="157" rerouteNo="1" devices="tripinfo_369 routing_369" vType="DEFAULT_VEHTYPE" vaporized=""/>
    <tripinfo id="405" depart="0.00" departLane="78104488#0_0" departPos="5.10" departSpeed="0.00" departDelay="0.00" arrival="250.00" arrivalLane="78111878#0_0" arrivalPos="107.24" arrivalSpeed="26.69" duration="250.00" routeLength="1098.97" waitSteps="165" rerouteNo="1" devices="tripinfo_405 routing_405" vType="DEFAULT_VEHTYPE" vaporized=""/>
    <tripinfo id="472" depart="0.00" departLane="-78104488#0_0" departPos="5.10" departSpeed="0.00" departDelay="0.00" arrival="256.00" arrivalLane="-78105824#0_0" arrivalPos="96.02" arrivalSpeed="21.51" duration="256.00" routeLength="1865.81" waitSteps="135" rerouteNo="1" devices="tripinfo_472 routing_472" vType="DEFAULT_VEHTYPE" vaporized=""/>
    <tripinfo id="408" depart="0.00" departLane="78103976_0" departPos="5.10" departSpeed="0.00" departDelay="0.00" arrival="258.00" arrivalLane="-78113638_0" arrivalPos="88.62" arrivalSpeed="26.86" duration="258.00" routeLength="2141.38" waitSteps="93" rerouteNo="1" devices="tripinfo_408 routing_408" vType="DEFAULT_VEHTYPE" vaporized=""/>
    <tripinfo id="531" depart="6.00" departLane="205233413#0_0" departPos="5.10" departSpeed="0.00" departDelay="6.00" arrival="261.00" arrivalLane="179502174_0" arrivalPos="134.94" arrivalSpeed="26.77" duration="255.00" routeLength="1307.70" waitSteps="172" rerouteNo="1" devices="tripinfo_531 routing_531" vType="DEFAULT_VEHTYPE" vaporized=""/>
    <tripinfo id="469" depart="0.00" departLane="78105824#3_0" departPos="5.10" departSpeed="0.00" departDelay="0.00" arrival="263.00" arrivalLane="-78113638_0" arrivalPos="88.62" arrivalSpeed="26.86" duration="263.00" routeLength="2592.12" waitSteps="100" rerouteNo="1" devices="tripinfo_469 routing_469" vType="DEFAULT_VEHTYPE" vaporized=""/>
    <tripinfo id="474" depart="0.00" departLane="-78106864_0" departPos="5.10" departSpeed="0.00" departDelay="0.00" arrival="273.00" arrivalLane="205233413#10_1" arrivalPos="382.41" arrivalSpeed="36.09" duration="273.00" routeLength="2231.13" waitSteps="125" rerouteNo="1" devices="tripinfo_474 routing_474" vType="DEFAULT_VEHTYPE" vaporized=""/>
    <tripinfo id="458" depart="3.00" departLane="78104894#23_0" departPos="5.10" departSpeed="0.00" departDelay="3.00" arrival="274.00" arrivalLane="-52993#0_0" arrivalPos="68.09" arrivalSpeed="7.10" duration="271.00" routeLength="1866.46" waitSteps="140" rerouteNo="1" devices="tripinfo_458 routing_458" vType="DEFAULT_VEHTYPE" vaporized=""/>
    <tripinfo id="475" depart="0.00" departLane="78104894#25_0" departPos="5.10" departSpeed="0.00" departDelay="0.00" arrival="275.00" arrivalLane="205233413#8_0" arrivalPos="276.37" arrivalSpeed="36.78" duration="275.00" routeLength="2186.10" waitSteps="145" rerouteNo="1" devices="tripinfo_475 routing_475" vType="DEFAULT_VEHTYPE" vaporized=""/>
    <tripinfo id="515" depart="0.00" departLane="-199943837#3_0" departPos="5.10" departSpeed="0.00" departDelay="0.00" arrival="277.00" arrivalLane="-52993#3_0" arrivalPos="63.39" arrivalSpeed="19.29" duration="277.00" routeLength="1624.43" waitSteps="157" rerouteNo="1" devices="tripinfo_515 routing_515" vType="DEFAULT_VEHTYPE" vaporized=""/>
    <tripinfo id="523" depart="3.00" departLane="78115499_0" departPos="5.10" departSpeed="0.00" departDelay="3.00" arrival="299.00" arrivalLane="205233413#3_0" arrivalPos="126.15" arrivalSpeed="35.07" duration="296.00" routeLength="2520.17" waitSteps="125" rerouteNo="1" devices="tripinfo_523 routing_523" vType="DEFAULT_VEHTYPE" vaporized=""/>
    <tripinfo id="678" depart="0.00" departLane="-78115546_0" departPos="5.10" departSpeed="0.00" departDelay="0.00" arrival="306.00" arrivalLane="78111878#3_0" arrivalPos="162.61" arrivalSpeed="26.61" duration="306.00" routeLength="1692.80" waitSteps="166" rerouteNo="1" devices="tripinfo_678 routing_678" vType="DEFAULT_VEHTYPE" vaporized=""/>
    <tripinfo id="428" depart="3.00" departLane="78104894#20_0" departPos="5.10" departSpeed="0.00" departDelay="3.00" arrival="328.00" arrivalLane="78108804#0_1" arrivalPos="130.93" arrivalSpeed="26.64" duration="325.00" routeLength="1216.92" waitSteps="229" rerouteNo="1" devices="tripinfo_428 routing_428" vType="DEFAULT_VEHTYPE" vaporized=""/>
    <tripinfo id="423" depart="3.00" departLane="205233413#11_0" departPos="5.10" departSpeed="0.00" departDelay="3.00" arrival="335.00" arrivalLane="--52989#3_0" arrivalPos="171.55" arrivalSpeed="27.29" duration="332.00" routeLength="3211.88" waitSteps="126" rerouteNo="1" devices="tripinfo_423 routing_423" vType="DEFAULT_VEHTYPE" vaporized=""/>
    <tripinfo id="419" depart="0.00" departLane="78117748_0" departPos="5.10" departSpeed="0.00" departDelay="0.00" arrival="336.00" arrivalLane="78108804#3_1" arrivalPos="216.48" arrivalSpeed="27.19" duration="336.00" routeLength="3607.48" waitSteps="121" rerouteNo="1" devices="tripinfo_419 routing_419" vType="DEFAULT_VEHTYPE" vaporized=""/>
    <tripinfo id="361" depart="0.00" departLane="78104894#16_0" departPos="5.10" departSpeed="0.00" departDelay="0.00" arrival="338.00" arrivalLane="78104894#25_1" arrivalPos="408.35" arrivalSpeed="8.43" duration="338.00" routeLength="1974.10" waitSteps="208" rerouteNo="1" devices="tripinfo_361 routing_361" vType="DEFAULT_VEHTYPE" vaporized=""/>
    <tripinfo id="447" depart="0.00" departLane="78104894#5_0" departPos="5.10" departSpeed="0.00" departDelay="0.00" arrival="339.00" arrivalLane="78108804#3_1" arrivalPos="216.48" arrivalSpeed="26.68" duration="339.00" routeLength="3339.13" waitSteps="118" rerouteNo="1" devices="tripinfo_447 routing_447" vType="DEFAULT_VEHTYPE" vaporized=""/>
    <tripinfo id="451" depart="0.00" departLane="-78104488#3_0" departPos="5.10" departSpeed="0.00" departDelay="0.00" arrival="342.00" arrivalLane="--52991#3_0" arrivalPos="147.85" arrivalSpeed="27.00" duration="342.00" routeLength="2855.03" waitSteps="166" rerouteNo="1" devices="tripinfo_451 routing_451" vType="DEFAULT_VEHTYPE" vaporized=""/>
    <tripinfo id="655" depart="0.00" departLane="--52987#3_0" departPos="5.10" departSpeed="0.00" departDelay="0.00" arrival="344.00" arrivalLane="78104894#7_0" arrivalPos="119.29" arrivalSpeed="34.44" duration="344.00" routeLength="3235.12" waitSteps="137" rerouteNo="1" devices="tripinfo_655 routing_655" vType="DEFAULT_VEHTYPE" vaporized=""/>
    <tripinfo id="504" depart="3.00" departLane="-78114032_0" departPos="5.10" departSpeed="0.00" departDelay="3.00" arrival="344.00" arrivalLane="78104894#25_1" arrivalPos="408.35" arrivalSpeed="14.57" duration="341.00" routeLength="2382.61" waitSteps="163" rerouteNo="1" devices="tripinfo_504 routing_504" vType="DEFAULT_VEHTYPE" vaporized=""/>
    <tripinfo id="676" depart="0.00" departLane="78111878#0_0" departPos="5.10" departSpeed="0.00" departDelay="0.00" arrival="347.00" arrivalLane="175174064_0" arrivalPos="104.63" arrivalSpeed="27.17" duration="347.00" routeLength="4251.52" waitSteps="110" rerouteNo="1" devices="tripinfo_676 routing_676" vType="DEFAULT_VEHTYPE" vaporized=""/>
    <tripinfo id="414" depart="0.00" departLane="78110502_0" departPos="5.10" departSpeed="0.00" departDelay="0.00" arrival="348.00" arrivalLane="-78108804#3_1" arrivalPos="216.48" arrivalSpeed="27.63" duration="348.00" routeLength="4112.18" waitSteps="109" rerouteNo="1" devices="tripinfo_414 routing_414" vType="DEFAULT_VEHTYPE" vaporized=""/>
    <tripinfo id="406" depart="0.00" departLane="205233413#12_0" departPos="5.10" departSpeed="0.00" departDelay="0.00" arrival="349.00" arrivalLane="175174064_0" arrivalPos="104.63" arrivalSpeed="27.70" duration="349.00" routeLength="3434.62" waitSteps="134" rerouteNo="1" devices="tripinfo_406 routing_406" vType="DEFAULT_VEHTYPE" vaporized=""/>
    <tripinfo id="669" depart="0.00" departLane="-78114032_0" departPos="5.10" departSpeed="0.00" departDelay="0.00" arrival="357.00" arrivalLane="205233413#10_1" arrivalPos="382.41" arrivalSpeed="37.17" duration="357.00" routeLength="2618.53" waitSteps="170" rerouteNo="1" devices="tripinfo_669 routing_669" vType="DEFAULT_VEHTYPE" vaporized=""/>
    <tripinfo id="514" depart="0.00" departLane="78110980_0" departPos="5.10" departSpeed="0.00" departDelay="0.00" arrival="359.00" arrivalLane="205233413#12_1" arrivalPos="411.00" arrivalSpeed="6.96" duration="359.00" routeLength="1937.04" waitSteps="207" rerouteNo="1" devices="tripinfo_514 routing_514" vType="DEFAULT_VEHTYPE" vaporized=""/>
    <tripinfo id="456" depart="3.00" departLane="78104894#0_0" departPos="5.10" departSpeed="0.00" departDelay="3.00" arrival="360.00" arrivalLane="205233413#10_1" arrivalPos="382.41" arrivalSpeed="36.20" duration="357.00" routeLength="4022.08" waitSteps="133" rerouteNo="1" devices="tripinfo_456 routing_456" vType="DEFAULT_VEHTYPE" vaporized=""/>
    <tripinfo id="496" depart="3.00" departLane="-175170602#0_0" departPos="5.10" departSpeed="0.00" departDelay="3.00" arrival="362.00" arrivalLane="205233413#12_1" arrivalPos="411.00" arrivalSpeed="8.66" duration="359.00" routeLength="2120.01" waitSteps="185" rerouteNo="1" devices="tripinfo_496 routing_496" vType="DEFAULT_VEHTYPE" vaporized=""/>
    <tripinfo id="691" depart="0.00" departLane="-205233660_0" departPos="5.10" departSpeed="0.00" departDelay="0.00" arrival="364.00" arrivalLane="205233413#12_1" arrivalPos="411.00" arrivalSpeed="9.97" duration="364.00" routeLength="1433.29" waitSteps="214" rerouteNo="1" devices="tripinfo_691 routing_691" vType="DEFAULT_VEHTYPE" vaporized=""/>
    <tripinfo id="445" depart="6.00" departLane="78104894#11_0" departPos="5.10" departSpeed="0.00" departDelay="6.00" arrival="366.00" arrivalLane="205233413#12_1" arrivalPos="411.00" arrivalSpeed="11.14" duration="360.00" routeLength="2269.00" waitSteps="170" rerouteNo="1" devices="tripinfo_445 routing_445" vType="DEFAULT_VEHTYPE" vaporized=""/>
    <tripinfo id="444" depart="3.00" departLane="78104894#11_0" departPos="5.10" departSpeed="0.00" departDelay="3.00" arrival="366.00" arrivalLane="78111878#3_0" arrivalPos="162.61" arrivalSpeed="26.95" duration="363.00" routeLength="3138.12" waitSteps="137" rerouteNo="1" devices="tripinfo_444 routing_444" vType="DEFAULT_VEHTYPE" vaporized=""/>
    <tripinfo id="522D.0" depart="0.00" departLane="-78111878#3_0" departPos="12.10" departSpeed="0.00" departDelay="0.00" arrival="389.00" arrivalLane="205233404#14_0" arrivalPos="93.92" arrivalSpeed="21.44" duration="389.00" routeLength="3822.74" waitSteps="147" rerouteNo="0" devices="