<?xml version="1.0"?>
<add>
	<tlLogic id="cluster_-46_-48_-50" type="static" programID="1" offset="0">
		<phase duration="46" state="GGGGrrGGGGrr" />
		<phase duration="3" state="yyyyrryyyyrr" />
		<phase duration="21" state="rrrrGGrrrrGG" />
		<phase duration="3" state="rrrryyrrrryy" />
	</tlLogic>
	<tlLogic id="cluster_1858033111_917381626_917457905" type="static" programID="1" offset="1">
		<phase duration="29" state="rrrrrrrGGGGrrr" />
		<phase duration="3" state="rrrrrrryyyyrrr" />
		<phase duration="27" state="rrrrGrrrrrrGrr" />
		<phase duration="3" state="rrrryrrrrrryrr" />
		<phase duration="27" state="GGGGrrrrrrrrrr" />
		<phase duration="3" state="yyyyrrrrrrrrrr" />
		<phase duration="19" state="rrrrrGGrrrrrGG" />
		<phase duration="3" state="rrrrryyrrrrryy" />
		<phase duration="28" state="rrrrGrrrrrrGrr" />
		<phase duration="3" state="rrrryrrrrrryrr" />
	</tlLogic>
	<tlLogic id="cluster_1894127314_917322556_917536263" type="static" programID="1" offset="5">
		<phase duration="25" state="rrrrGGrrrrrGGG" />
		<phase duration="2" state="rrrryyrrrrryyy" />
		<phase duration="41" state="GGGrrrGGGrrrrr" />
		<phase duration="3" state="yyyrrryyyrrrrr" />
		<phase duration="17" state="rrrGrrrrrGgrrr" />
		<phase duration="2" state="rrryrrrrryyrrr" />
	</tlLogic>
	<tlLogic id="cluster_1858033132_917624331_917724079" type="static" programID="1" offset="7">
		<phase duration="41" state="rrrGGGGrrrrrrr" />
		<phase duration="3" state="rrryyyyrrrrrrr" />
		<phase duration="25" state="GrrrrrrGrrrrrr" />
		<phase duration="2" state="yrrrrrryrrrrrr" />
		<phase duration="25" state="rGGrrrrrGGrrrr" />
		<phase duration="3" state="ryyrrrrryyrrrr" />
		<phase duration="12" state="rrrrrrrrrrGGGG" />
		<phase duration="3" state="rrrrrrrrrryyyy" />
	</tlLogic>
	<tlLogic id="cluster_1858041701_917348509_917511908" type="static" programID="1" offset="6">
		<phase duration="21" state="rrrrrrrrrGGGGrrrrr" />
		<phase duration="3" state="rrrrrrrrryyyyrrrrr" />
		<phase duration="28" state="rrrrrGGGGrrrrrrrrr" />
		<phase duration="3" state="rrrrryyyyrrrrrrrrr" />
		<phase duration="29" state="GGGGrrrrrrrrrrrrrr" />
		<phase duration="3" state="yyyyrrrrrrrrrrrrrr" />
		<phase duration="24" state="rrrrrrrrrrrrrrGGGG" />
		<phase duration="3" state="rrrrrrrrrrrrrryyyy" />
		<phase duration="8" state="rrrrGrrrrrrrrGrrrr" />
		<phase duration="2" state="rrrryrrrrrrrryrrrr" />
	</tlLogic>
	<tlLogic id="cluster_1858041705_917357935_917414585" type="static" programID="1" offset="5">
		<phase duration="32" state="rrrrrGGGrrrrGG" />
		<phase duration="2" state="rrrrryyyrrrryy" />
		<phase duration="38" state="GGGrrrrrGGGrrr" />
		<phase duration="3" state="yyyrrrrryyyrrr" />
		<phase duration="19" state="rrrGgrrrrrrGrr" />
		<phase duration="2" state="rrryyrrrrrryrr" />
	</tlLogic>
	<tlLogic id="cluster_-10_-6_-8" type="static" programID="1" offset="10">
		<phase duration="37" state="rrrrrrrrrGGGGrrrrr" />
		<phase duration="31" state="rrrrrrrrryyyyrrrrr" />
		<phase duration="23" state="rrrrrGGGGrrrrrrrrr" />
		<phase duration="31" state="rrrrryyyyrrrrrrrrr" />
		<phase duration="39" state="rrrrGrrrrrrrrGrrrr" />
		<phase duration="31" state="rrrryrrrrrrrryrrrr" />
		<phase duration="40" state="GGGGrrrrrrrrrrrrrr" />
		<phase duration="31" state="yyyyrrrrrrrrrrrrrr" />
		<phase duration="30" state="rrrrrrrrrrrrrrGGGG" />
		<phase duration="31" state="rrrrrrrrrrrrrryyyy" />
		<phase duration="24" state="rrrrGrrrrrrrrGrrrr" />
		<phase duration="31" state="rrrryrrrrrrrryrrrr" />
	</tlLogic>
	<tlLogic id="cluster_1858093156_917527402_917531276" type="static" programID="1" offset="8">
		<phase duration="17" state="rrrrrrrrrGGGGr" />
		<phase duration="3" state="rrrrrrrrryyyyr" />
		<phase duration="16" state="rrrrrrGrrrrrrG" />
		<phase duration="2" state="rrrrrryrrrrrry" />
		<phase duration="32" state="rrGGGGrrrrrrrr" />
		<phase duration="3" state="rryyyyrrrrrrrr" />
		<phase duration="6" state="rrrrrrGrrrrrrG" />
		<phase duration="2" state="rrrrrryrrrrrry" />
		<phase duration="19" state="GGrrrrrGGrrrrr" />
		<phase duration="3" state="yyrrrrryyrrrrr" />
	</tlLogic>
	<tlLogic id="cluster_1858093192_917312442_917538951" type="static" programID="1" offset="2">
		<phase duration="60" state="rrGGGGrrGGGG" />
		<phase duration="3" state="rryyyyrryyyy" />
		<phase duration="22" state="GGrrrrGGrrrr" />
		<phase duration="3" state="yyrrrryyrrrr" />
	</tlLogic>
	<tlLogic id="cluster_1858093155_1894127823_2152053869" type="static" programID="1" offset="3">
		<phase duration="14" state="rrGrrrrrrrrrrG" />
		<phase duration="2" state="rryrrrrrrrrrry" />
		<phase duration="33" state="GGrrrrrGGrrrrr" />
		<phase duration="3" state="yyrrrrryyrrrrr" />
		<phase duration="27" state="rrrrrrrrrGGGGr" />
		<phase duration="3" state="rrrrrrrrryyyyr" />
		<phase duration="19" state="rrrGGGGrrrrrrr" />
		<phase duration="3" state="rrryyyyrrrrrrr" />
	</tlLogic>
	<tlLogic id="cluster_1858114017_917475133_917737853" type="static" programID="1" offset="4">
		<phase duration="31" state="rrGGGrrrGGGr" />
		<phase duration="3" state="rryyyrrryyyr" />
		<phase duration="16" state="GGrrrrGGrrrr" />
		<phase duration="2" state="yyrrrryyrrrr" />
		<phase duration="14" state="rrrrrGrrrrrG" />
		<phase duration="2" state="rrrrryrrrrry" />
	</tlLogic>
	<tlLogic id="cluster_2124169574_2152052801_917490987" type="static" programID="1" offset="2">
		<phase duration="46" state="rrGGGGrrGGGG" />
		<phase duration="3" state="rryyyyrryyyy" />
		<phase duration="25" state="GGrrrrGGrrrr" />
		<phase duration="3" state="yyrrrryyrrrr" />
	</tlLogic>
	<tlLogic id="cluster_-36_-38_-40" type="static" programID="1" offset="1">
		<phase duration="50" state="rrGGGGrrGGGG" />
		<phase duration="3" state="rryyyyrryyyy" />
		<phase duration="31" state="GGrrrrGGrrrr" />
		<phase duration="3" state="yyrrrryyrrrr" />
	</tlLogic>
	<tlLogic id="cluster_-30_-32_-34" type="static" programID="1" offset="3">
		<phase duration="44" state="rrGGGGrrGGGG" />
		<phase duration="3" state="rryyyyrryyyy" />
		<phase duration="40" state="GGrrrrGGrrrr" />
		<phase duration="3" state="yyrrrryyrrrr" />
	</tlLogic>
</add>
