<?xml version="1.0"?>
<add>
	<tlLogic id="cluster_-46_-48_-50" type="static" programID="1" offset="0">
		<phase duration="53" state="GGGGrrGGGGrr"/> <!--(N O B) Emancipacion  3(N O B) juntas y 2 juntas (D, I) (como estaba)-->
		<phase duration="3" state="yyyyrryyyyrr"/>
		<phase duration="30" state="rrrrGGrrrrGG"/> <!-- (N,I) -->
		<phase duration="3" state="rrrryyrrrryy"/>
	</tlLogic>
	<tlLogic id="cluster_1858033111_917381626_917457905" type="static" programID="1" offset="0">
		<phase duration="23" state="rrrrrrrGGGGrrr"/> <!-- (N)Carlos maria de pena (N) (B) (O) (D,I) (B)  -->
		<phase duration="3" state="rrrrrrryyyyrrr"/>
		<phase duration="18" state="rrrrGrrrrrrGrr"/> <!-- (B) -->
		<phase duration="3" state="rrrryrrrrrryrr"/>
		<phase duration="23" state="GGGGrrrrrrrrrr"/> <!-- (O)-->
		<phase duration="3" state="yyyyrrrrrrrrrr"/>
		<phase duration="15" state="rrrrrGGrrrrrGG"/> <!-- (D,I) -->
		<phase duration="3" state="rrrrryyrrrrryy"/>
		<phase duration="18" state="rrrrGrrrrrrGrr"/> <!-- (B) -->
		<phase duration="3" state="rrrryrrrrrryrr"/>
	</tlLogic>
	<tlLogic id="cluster_1894127314_917322556_917536263" type="static" programID="1" offset="0">
		<phase duration="23" state="rrrrGGrrrrrGGG"/> 	<!-- (D,I) -->
		<phase duration="2" state="rrrryyrrrrryyy"/> 	<!--(D,I) Islas Canarias (N) (B) (O) (D,I) (B) -->
		<phase duration="33" state="GGGrrrGGGrrrrr"/> 	<!-- (N,O) -->
		<phase duration="3" state="yyyrrryyyrrrrr"/> 	<!-- (N,O) -->
		<phase duration="12" state="rrrGrrrrrGgrrr"/> 	<!-- B -->
		<phase duration="2" state="rrryrrrrryyrrr"/> 	<!-- B -->                      
	</tlLogic>
	<tlLogic id="cluster_1858033132_917624331_917724079" type="static" programID="1" offset="0">
		<phase duration="31" state="rrrGGGGrrrrrrr"/> 	<!-- (N) MARIA ORTICOCHEA -->
		<phase duration="3" state="rrryyyyrrrrrrr"/> 	<!-- (N) -->
		<phase duration="15" state="GrrrrrrGrrrrrr"/> 	<!-- (B) -->
		<phase duration="2" state="yrrrrrryrrrrrr"/> 	<!-- (B) -->
		<phase duration="25" state="rGGrrrrrGGrrrr"/> 	<!-- (D,I) --> 
		<phase duration="3" state="ryyrrrrryyrrrr"/> 	<!-- (D,I) --> 
		<phase duration="12" state="rrrrrrrrrrGGGG"/> 	<!-- (O) -->
		<phase duration="3" state="rrrrrrrrrryyyy"/> 	<!-- (O) -->
	</tlLogic>
	<tlLogic id="cluster_1858041701_917348509_917511908" type="static" programID="1" offset="0">
		<phase duration="31" state="rrrrrrrrrGGGGrrrrr"/> <!-- (N)  -->
		<phase duration="3" state="rrrrrrrrryyyyrrrrr"/> <!-- (N)  -->
		<phase duration="24" state="rrrrrGGGGrrrrrrrrr"/> <!-- (D) Millan -->
		<phase duration="3" state="rrrrryyyyrrrrrrrrr"/> <!-- (D)  -->
		<phase duration="34" state="GGGGrrrrrrrrrrrrrr"/> <!-- (O)  -->
		<phase duration="3" state="yyyyrrrrrrrrrrrrrr"/> <!-- (O)  -->
		<phase duration="31" state="rrrrrrrrrrrrrrGGGG"/> <!-- (I)  -->
		<phase duration="3" state="rrrrrrrrrrrrrryyyy"/> <!-- (I)  -->
		<phase duration="8" state="rrrrGrrrrrrrrGrrrr"/> <!-- (B)  -->
		<phase duration="2" state="rrrryrrrrrrrryrrrr"/> <!-- (B)  -->
	</tlLogic>
	<tlLogic id="cluster_1858041705_917357935_917414585" type="static" programID="1" offset="0">
		<phase duration="23" state="rrrrrGGGrrrrGG"/> <!-- (D,I)  Ariel-->
		<phase duration="2" state="rrrrryyyrrrryy"/> <!-- (D,I) -->
		<phase duration="33" state="GGGrrrrrGGGrrr"/> <!-- (N,O) -->
		<phase duration="3" state="yyyrrrrryyyrrr"/> <!-- (N,O) -->
		<phase duration="12" state="rrrGgrrrrrrGrr"/> <!-- (B) -->
		<phase duration="2" state="rrryyrrrrrryrr"/><!-- (B) -->
	</tlLogic>
	<tlLogic id="cluster_-10_-6_-8" type="static" programID="1" offset="0">
		<phase duration="31" state="rrrrrrrrrGGGGrrrrr"/> <!-- (N)  Propios-->
		<phase duration="31" state="rrrrrrrrryyyyrrrrr"/> <!-- (N)  -->
		<phase duration="31" state="rrrrrGGGGrrrrrrrrr"/>  <!-- (D)  -->
		<phase duration="31" state="rrrrryyyyrrrrrrrrr"/>  <!-- (D)  -->
		<phase duration="31" state="rrrrGrrrrrrrrGrrrr"/><!-- (B)  -->
		<phase duration="31" state="rrrryrrrrrrrryrrrr"/><!-- (B)  -->
		<phase duration="31" state="GGGGrrrrrrrrrrrrrr"/><!-- (O)  -->
		<phase duration="31" state="yyyyrrrrrrrrrrrrrr"/><!-- (O)  -->
		<phase duration="31" state="rrrrrrrrrrrrrrGGGG"/>  <!-- (I)  -->
		<phase duration="31" state="rrrrrrrrrrrrrryyyy"/>  <!-- (I)  -->
		<phase duration="31" state="rrrrGrrrrrrrrGrrrr"/><!-- (B)  -->
		<phase duration="31" state="rrrryrrrrrrrryrrrr"/><!-- (B)  -->		
	</tlLogic>
	<tlLogic id="cluster_1858093156_917527402_917531276" type="static" programID="1" offset="0">
		<phase duration="23" state="rrrrrrrrrGGGGr"/>			<!-- (O)  -->	
		<phase duration="3" state="rrrrrrrrryyyyr"/>			<!-- (O)  -->
		<phase duration="14" state="rrrrrrGrrrrrrG"/>			<!-- (B)  -->	
		<phase duration="2" state="rrrrrryrrrrrry"/>			<!-- (B)  -->	
		<phase duration="23" state="rrGGGGrrrrrrrr"/>			<!-- (N)  Maximo Santos-->
		<phase duration="3" state="rryyyyrrrrrrrr"/>			<!-- (N)  -->
		<phase duration="6" state="rrrrrrGrrrrrrG"/>			<!-- (B)  -->	
		<phase duration="2" state="rrrrrryrrrrrry"/>			<!-- (B)  -->	
		<phase duration="18" state="GGrrrrrGGrrrrr"/>			<!-- (D,I)  -->	
		<phase duration="3" state="yyrrrrryyrrrrr"/>			<!-- (D,I)  -->	
	</tlLogic>
	<tlLogic id="cluster_1858093192_917312442_917538951" type="static" programID="1" offset="0">
		<phase duration="52" state="rrGGGGrrGGGG"/>			<!-- (O) Edinson camino -->	
		<phase duration="3" state="rryyyyrryyyy"/>
		<phase duration="30" state="GGrrrrGGrrrr"/>
		<phase duration="3" state="yyrrrryyrrrr"/>
	</tlLogic>
	<tlLogic id="cluster_1858093155_1894127823_2152053869" type="static" programID="1" offset="0">
		<phase duration="14" state="rrGrrrrrrrrrrG"/>			<!-- (B) BV ap saravia -->	
		<phase duration="2" state="rryrrrrrrrrrry"/>			<!-- (B)  -->	        
		<phase duration="25" state="GGrrrrrGGrrrrr"/>			<!-- (D,I) -->	
		<phase duration="3" state="yyrrrrryyrrrrr"/>			<!-- (D,I) -->	
		<phase duration="23" state="rrrrrrrrrGGGGr"/> 			<!-- (O) -->	
		<phase duration="3" state="rrrrrrrrryyyyr"/> 			<!-- (O) -->	
		<phase duration="23" state="rrrGGGGrrrrrrr"/> 			<!-- (N) -->	
		<phase duration="3" state="rrryyyyrrrrrrr"/>  			<!-- (N)-->	
	</tlLogic>
	<tlLogic id="cluster_1858114017_917475133_917737853" type="static" programID="1" offset="0">
		<phase duration="33" state="rrGGGrrrGGGr"/> 		<!-- (N,O)Camino casavalle-->	
		<phase duration="3" state="rryyyrrryyyr"/> 			<!-- (N,O) -->	
		<phase duration="23" state="GGrrrrGGrrrr"/> 		<!-- (D,I) -->	
		<phase duration="2" state="yyrrrryyrrrr"/> 			<!-- (D,I) -->	
		<phase duration="12" state="rrrrrGrrrrrG"/>			<!-- (B) -->	
		<phase duration="2" state="rrrrryrrrrry"/>			<!-- (B) -->	
	</tlLogic>
	<tlLogic id="cluster_2124169574_2152052801_917490987" type="static" programID="1" offset="0">
		<phase duration="50" state="rrGGGGrrGGGG"/> 		<!-- (N,B,O) Carve-->	
		<phase duration="3" state="rryyyyrryyyy"/>			<!-- (N,B,O)-->	
		<phase duration="31" state="GGrrrrGGrrrr"/>			<!-- (D,I)-->	
		<phase duration="3" state="yyrrrryyrrrr"/>
	</tlLogic>
	<tlLogic id="cluster_-36_-38_-40" type="static" programID="1" offset="0">
		<phase duration="50" state="rrGGGGrrGGGG"/> 		<!-- (N,B,O)cuso-->	
		<phase duration="3" state="rryyyyrryyyy"/>			<!-- (N,B,O)-->	
		<phase duration="31" state="GGrrrrGGrrrr"/>			<!-- (D,I)-->	
		<phase duration="3" state="yyrrrryyrrrr"/>
	</tlLogic>
	<tlLogic id="cluster_-30_-32_-34" type="static" programID="1" offset="0">
		<phase duration="52" state="rrGGGGrrGGGG"/> 		<!-- (N,B,O)Lezica-->	
		<phase duration="3" state="rryyyyrryyyy"/>			<!-- (N,B,O)-->	
		<phase duration="34" state="GGrrrrGGrrrr"/>			<!-- (D,I)-->	
		<phase duration="3" state="yyrrrryyrrrr"/>			<!-- (D,I)-->	
	</tlLogic>
</add>
