<?xml version="1.0"?>
<!-- generated on 2013-07-14 13:24:51.968000 by $Id: randomTrips.py 13811 2013-05-01 20:31:43Z behrisch $ -->
<trips>
 
    <trip id="351" depart="0" from="205233886" to="-179502174" />
    <trip id="651" depart="0" from="205233413#8" to="78104488#0" />
    <trip id="653" depart="0" from="-52989#0" to="78104894#12" />
    <trip id="654" depart="0" from="-205233886" to="78104894#25" />
    <trip id="655" depart="0" from="--52987#3" to="78104894#7" />
    <trip id="656" depart="0" from="78104894#20" to="-205233660" />
    <trip id="356" depart="0" from="205233413#16" to="-78115546" />
    <trip id="357" depart="0" from="78100805" to="205233413#8" />
    <trip id="358" depart="0" from="78104894#11" to="78104894#20" />
    <trip id="410" depart="0" from="-175170602#0" to="205233413#3" />
    <trip id="360" depart="0" from="78104894#8" to="-78113035#0" />
    <trip id="661" depart="0" from="-199943837#0" to="199943837#0" />
    <trip id="361" depart="0" from="78104894#16" to="78104894#25" />
    <trip id="401" depart="0" from="78111878#3" to="205233413#14" />
    <trip id="411" depart="0" from="78118724" to="78104488#3" />
    <trip id="412" depart="0" from="78104894#18" to="-78105546#0" />
    <trip id="662" depart="0" from="-78100252" to="--52989#0" />
    <trip id="402" depart="0" from="205233413#19" to="78104894#15" />
    <trip id="663" depart="0" from="175174062" to="205233413#16" />
    <trip id="363" depart="0" from="78118724" to="175174064" />
    <trip id="414" depart="0" from="78110502" to="-78108804#3" />
    <trip id="664" depart="0" from="78110502" to="-78116080" />
    <trip id="405" depart="0" from="78104488#0" to="78111878#0" />
    <trip id="415" depart="0" from="205233413#11" to="205233413#13" />
    <trip id="665" depart="0" from="-165264989#3" to="205233413#18" />
    <trip id="416" depart="0" from="78118724" to="-205233652" />
    <trip id="406" depart="0" from="205233413#12" to="175174064" />
    <trip id="407" depart="0" from="78115032#3" to="179502174" />
    <trip id="367" depart="0" from="78104894#23" to="78108804#0" />
    <trip id="417" depart="0" from="78104894#8" to="205233413#16" />
    <trip id="418" depart="0" from="205233413#16" to="-205233660" />
    <trip id="668" depart="0" from="175170602#3" to="205233413#20" />
    <trip id="408" depart="0" from="78103976" to="-78113638" />
    <trip id="409" depart="0" from="-78111878#0" to="199943837#3" />
    <trip id="419" depart="0" from="78117748" to="78108804#3" />
    <trip id="369" depart="0" from="78104488#0" to="78104894#21" />
    <trip id="669" depart="0" from="-78114032" to="205233413#10" />
    <trip id="501" depart="0" from="205233413#10" to="78105824#0" />
    <trip id="504" depart="0" from="-78114032" to="78104894#25" />
    <trip id="505" depart="0" from="78104894#18" to="-78100805" />
    <trip id="506" depart="0" from="205233413#9" to="-78100347" />
    <trip id="507" depart="0" from="-52991#0" to="175170602#3" />
    <trip id="508" depart="0" from="78105546#3" to="78115499" />
    <trip id="510" depart="0" from="78104894#3" to="78104894#25" />
    <trip id="511" depart="0" from="205233413#8" to="78104894#12" />
    <trip id="513" depart="0" from="175170602#0" to="78100805" />
    <trip id="514" depart="0" from="78110980" to="205233413#12" />
    <trip id="515" depart="0" from="-199943837#3" to="-52993#3" />
    <trip id="517" depart="0" from="-199943837#3" to="78120448" />
    <trip id="518" depart="0" from="78113638" to="205233413#13" />
    <trip id="519" depart="0" from="--52991#3" to="78104894#9" />
    <trip id="670" depart="0" from="-205233652" to="-175170602#3" />
    <trip id="370" depart="0" from="-78100252" to="175170602#3" />
    <trip id="672" depart="0" from="-165264989#3" to="205233413#11" />
    <trip id="423" depart="0" from="205233413#11" to="--52989#3" />
    <trip id="424" depart="0" from="78104894#16" to="-205233642" />
    <trip id="374" depart="0" from="78108804#0" to="78104894#16" />
    <trip id="375" depart="0" from="78110502" to="--52989#3" />
    <trip id="426" depart="0" from="78115499" to="78108804#3" />
    <trip id="676" depart="0" from="78111878#0" to="175174064" />
    <trip id="677" depart="0" from="78118724" to="78104894#5" />
    <trip id="428" depart="0" from="78104894#20" to="78108804#0" />
    <trip id="678" depart="0" from="-78115546" to="78111878#3" />
    <trip id="378" depart="0" from="-165264989#0" to="-78115032#0" />
    <trip id="429" depart="0" from="-78108804#3" to="-78108804#0" />
    <trip id="380" depart="0" from="78108804#0" to="78105546#3" />
    <trip id="681" depart="0" from="205233413#16" to="205233413#16" />
    <trip id="382" depart="0" from="205233413#0" to="-78120448" />
    <trip id="682" depart="0" from="--52987#0" to="78120448" />
    <trip id="683" depart="0" from="205233413#16" to="78113035#0" />
    <trip id="684" depart="0" from="205233413#14" to="205233413#17" />
    <trip id="685" depart="0" from="-165264989#3" to="--52989#3" />
    <trip id="386" depart="0" from="-52987#0" to="78104894#25" />
    <trip id="686" depart="0" from="205233413#9" to="205233413#21" />
    <trip id="387" depart="0" from="-52987#0" to="-199943837#3" />
    <trip id="688" depart="0" from="78104894#21" to="-78115499" />
    <trip id="389" depart="0" from="205233413#10" to="78104894#12" />
    <trip id="689" depart="0" from="205233413#10" to="78104894#4" />
    <trip id="690" depart="0" from="-78110980" to="165264989#3" />
    <trip id="691" depart="0" from="-205233660" to="205233413#12" />
    <trip id="393" depart="0" from="78110502" to="175174064" />
    <trip id="693" depart="0" from="--52991#3" to="175174064" />
    <trip id="694" depart="0" from="205233413#20" to="-52991#3" />
    <trip id="397" depart="0" from="-78115499" to="205233413#10" />
    <trip id="398" depart="0" from="-78113035#3" to="-78115032#0" />
    <trip id="430" depart="0" from="-52987#3" to="78104894#21" />
    <trip id="431" depart="0" from="78104894#18" to="78104894#12" />
    <trip id="433" depart="0" from="205233413#20" to="--52989#3" />
    <trip id="437" depart="0" from="-78115499" to="-78100347" />
    <trip id="438" depart="0" from="78108804#0" to="78105546#3" />
    <trip id="440" depart="0" from="205233413#3" to="205233413#3" />
    <trip id="441" depart="0" from="-78108804#3" to="78111878#3" />
    <trip id="443" depart="0" from="165264989#3" to="78104894#24" />
    <trip id="444" depart="0" from="78104894#11" to="78111878#3" />
    <trip id="445" depart="0" from="78104894#11" to="205233413#12" />
    <trip id="446" depart="0" from="78104894#21" to="78106864" />
    <trip id="447" depart="0" from="78104894#5" to="78108804#3" />
    <trip id="449" depart="0" from="165264989#3" to="-78113035#3" />
    <trip id="450" depart="0" from="175170602#3" to="78104894#16" />
    <trip id="451" depart="0" from="-78104488#3" to="--52991#3" />
    <trip id="452" depart="0" from="205233413#10" to="78104894#24" />    
    <trip id="456" depart="0" from="78104894#0" to="205233413#10" />
    <trip id="458" depart="0" from="78104894#23" to="-52993#0" />
    <trip id="460" depart="0" from="205233413#15" to="78104894#27" />
    <trip id="461" depart="0" from="78110502" to="78114032" />
    <trip id="463" depart="0" from="78103976" to="78104894#12" />
    <trip id="464" depart="0" from="78104894#18" to="--52987#3" />
    <trip id="465" depart="0" from="78104894#13" to="78104894#8" />
    <trip id="466" depart="0" from="78104894#27" to="78104894#22" />
    <trip id="467" depart="0" from="205233413#20" to="78104894#19" />
    <trip id="468" depart="0" from="205233413#14" to="205233413#16" />
    <trip id="469" depart="0" from="78105824#3" to="-78113638" />
    <trip id="470" depart="0" from="-78100805" to="205233413#12" />
    <trip id="471" depart="0" from="-78113035#0" to="205233413#21" />
    <trip id="472" depart="0" from="-78104488#0" to="-78105824#0" />
    <trip id="474" depart="0" from="-78106864" to="205233413#10" />
    <trip id="475" depart="0" from="78104894#25" to="205233413#8" />
    <trip id="477" depart="0" from="78115032#3" to="175174064" />
    <trip id="478" depart="0" from="205233413#8" to="--52991#0" />
    <trip id="485" depart="0" from="78115032#0" to="78104894#35" />
    <trip id="486" depart="0" from="205233413#3" to="-78105546#0" />
    <trip id="488" depart="0" from="78104894#7" to="205233413#21" />
    <trip id="489" depart="0" from="78118724" to="175174064" />
    <trip id="490" depart="0" from="78116644" to="205233413#8" />
    <trip id="491" depart="0" from="--52989#3" to="175174064" />    
    <trip id="495" depart="0" from="78111878#0" to="205233413#12" />
    <trip id="496" depart="0" from="-175170602#0" to="205233413#12" />
    <trip id="497" depart="0" from="205233413#0" to="205233413#10" />
    <trip id="498" depart="0" from="205233660" to="78104894#5" />
    <trip id="521" depart="0" from="-205233886" to="-179502174" />
    <trip id="522" depart="0" from="-78115499" to="--52989#3" />
    <trip id="523" depart="0" from="78115499" to="205233413#3" />
    <trip id="524" depart="0" from="-205233480" to="-205233480" />
    <trip id="527" depart="0" from="-199943837#3" to="205233413#16" />
    <trip id="528" depart="0" from="78104894#13" to="78105546#3" />
    <trip id="529" depart="0" from="78110502" to="-205233652" />
    <trip id="530" depart="0" from="205233413#9" to="205233413#10" />
    <trip id="531" depart="0" from="205233413#0" to="179502174" />
    <trip id="536" depart="0" from="78104894#23" to="205233413#16" />
    <trip id="537" depart="0" from="205233413#12" to="205233413#16" />
    <trip id="538" depart="0" from="205233413#8" to="78108804#0" />
    <trip id="539" depart="0" from="78104894#14" to="-165264989#0" />
    <trip id="540" depart="0" from="205233413#8" to="205233413#13" />
    <trip id="541" depart="0" from="-78106864" to="78104894#29" />

</trips>