<?xml version="1.0" encoding="UTF-8"?>
<configurationDescriptor version="95">
  <logicalFolder name="root" displayName="root" projectFiles="true" kind="ROOT">
    <df root="." name="0">
      <in>MainLan.cc</in>
      <in>MainSeq.cc</in>
      <in>newGA.pro.cc</in>
      <in>newGA.req.cc</in>
      <in>newfile.c</in>
      <in>pugixml.cpp</in>
    </df>
    <logicalFolder name="ExternalFiles"
                   displayName="Important Files"
                   projectFiles="false"
                   kind="IMPORTANT_FILES_FOLDER">
      <itemPath>Makefile</itemPath>
    </logicalFolder>
  </logicalFolder>
  <sourceFolderFilter>^(nbproject)$</sourceFolderFilter>
  <sourceRootList>
    <Elem>.</Elem>
  </sourceRootList>
  <projectmakefile>Makefile</projectmakefile>
  <confs>
    <conf name="Default" type="0">
      <toolsSet>
        <compilerSet>default</compilerSet>
        <dependencyChecking>false</dependencyChecking>
        <rebuildPropChanged>false</rebuildPropChanged>
      </toolsSet>
      <codeAssistance>
      </codeAssistance>
      <makefileType>
        <makeTool>
          <buildCommandWorkingDir>.</buildCommandWorkingDir>
          <buildCommand>${MAKE} -f Makefile</buildCommand>
          <cleanCommand>${MAKE} -f Makefile clean</cleanCommand>
          <executablePath></executablePath>
          <ccTool>
            <incDir>
              <pElem>../../src</pElem>
              <pElem>/usr/include/mpich2</pElem>
            </incDir>
          </ccTool>
        </makeTool>
      </makefileType>
      <item path="MainLan.cc" ex="false" tool="1" flavor2="0">
      </item>
      <item path="MainSeq.cc" ex="false" tool="1" flavor2="0">
      </item>
      <item path="newGA.pro.cc" ex="false" tool="1" flavor2="0">
      </item>
      <item path="newGA.req.cc" ex="false" tool="1" flavor2="0">
      </item>
      <item path="newfile.c" ex="false" tool="0" flavor2="0">
      </item>
      <item path="pugixml.cpp" ex="false" tool="1" flavor2="0">
      </item>
    </conf>
  </confs>
</configurationDescriptor>
